event_exec,tool_exec,tool_input,log,correlation_id,run_id_exec,timestamp_exec,input,output,event_gov,tool_gov,run_id_gov,timestamp_gov,outcome,sdk_error
agent_action,fetch_html,http://site-a.example.com/product,"We need to fetch the HTML content from both product pages, extract the prices from each page, and then compare those prices to determine which site has the cheaper option.

Action: fetch_html 
Action Input: http://site-a.example.com/product",ccc93a53-b6c7-4082-859e-9b7f479a9323,b2eb67c8-42be-458f-b163-bba137d16ffc,1784247239.072923,,,,,,,,
tool_start,fetch_html,,,d9b96b4d-7e36-48fc-8556-ec25658d3d7b,b2eb67c8-42be-458f-b163-bba137d16ffc,1784247239.07547,http://site-a.example.com/product,,,,,,,
tool_end,fetch_html,,,d9b96b4d-7e36-48fc-8556-ec25658d3d7b,b2eb67c8-42be-458f-b163-bba137d16ffc,1784247239.0780668,,"{'url': 'http://site-a.example.com/product', 'status': 200, 'html': '<html><body><span class=""price"">$49.99</span></body></html>', 'size': 59, 'elapsed_sec': 0.001}",,,,,,
agent_action,extract_price,"{'url': 'http://site-a.example.com/product', 'status': 200, 'html': '<html><body><span class=""price"">$49.99</span></body></html>', 'size': 59, 'elapsed_sec': 0.001}","We've successfully fetched the HTML content from site-a's product page.

Action: extract_price
Action Input: {'url': 'http://site-a.example.com/product', 'status': 200, 'html': '<html><body><span class=""price"">$49.99</span></body></html>', 'size': 59, 'elapsed_sec': 0.001}",bc50ad77-2b78-44e1-af36-6dd39f868408,b2eb67c8-42be-458f-b163-bba137d16ffc,1784247247.09649,,,,,,,,
tool_start,extract_price,,,e3327bbf-2196-436f-ac28-fcae23e1698b,b2eb67c8-42be-458f-b163-bba137d16ffc,1784247247.097567,"{'url': 'http://site-a.example.com/product', 'status': 200, 'html': '<html><body><span class=""price"">$49.99</span></body></html>', 'size': 59, 'elapsed_sec': 0.001}",,,,,,,
tool_end,extract_price,,,e3327bbf-2196-436f-ac28-fcae23e1698b,b2eb67c8-42be-458f-b163-bba137d16ffc,1784247247.1005921,,"{'matches_found': 1, 'price': 49.99, 'raw_matches': ['49.99']}",,,,,,
agent_action,fetch_html,http://site-b.example.com/product,"Action: fetch_html 
Action Input: http://site-b.example.com/product",c9f37347-dfc6-4488-8bc0-772eb7b8648d,b2eb67c8-42be-458f-b163-bba137d16ffc,1784247249.946949,,,,,,,,
tool_start,fetch_html,,,914595ce-1f13-4ac2-b654-297b123bec84,b2eb67c8-42be-458f-b163-bba137d16ffc,1784247249.9479418,http://site-b.example.com/product,,,,,,,
tool_end,fetch_html,,,914595ce-1f13-4ac2-b654-297b123bec84,b2eb67c8-42be-458f-b163-bba137d16ffc,1784247249.949471,,"{'url': 'http://site-b.example.com/product', 'status': 200, 'html': '<html><body><span class=""price"">$44.49</span></body></html>', 'size': 59, 'elapsed_sec': 0.0}",,,,,,
agent_action,fetch_html,http://site-b.example.com/product,"Action: fetch_html 
Action Input: http://site-b.example.com/product",9524d296-cb37-4de9-a539-e4f972a97504,b2eb67c8-42be-458f-b163-bba137d16ffc,1784247252.5491998,,,,,,,,
tool_start,fetch_html,,,811949b9-4836-428e-8459-245e526abd90,b2eb67c8-42be-458f-b163-bba137d16ffc,1784247252.550097,http://site-b.example.com/product,,,,,,,
tool_end,fetch_html,,,811949b9-4836-428e-8459-245e526abd90,b2eb67c8-42be-458f-b163-bba137d16ffc,1784247252.55171,,"{'url': 'http://site-b.example.com/product', 'status': 200, 'html': '<html><body><span class=""price"">$44.49</span></body></html>', 'size': 59, 'elapsed_sec': 0.0}",,,,,,
agent_action,extract_price,"{'url': 'http://site-b.example.com/product', 'status': 200, 'html': '<html><body><span class=""price"">$44.49</span></body></html>', 'size': 59, 'elapsed_sec': 0.0}","Action: extract_price
Action Input: {'url': 'http://site-b.example.com/product', 'status': 200, 'html': '<html><body><span class=""price"">$44.49</span></body></html>', 'size': 59, 'elapsed_sec': 0.0}",a15918fd-c385-48dd-8b13-a7bd65519aed,b2eb67c8-42be-458f-b163-bba137d16ffc,1784247259.2628329,,,,,,,,
tool_start,extract_price,,,6c44a9f9-e529-481c-ab28-a1a952531848,b2eb67c8-42be-458f-b163-bba137d16ffc,1784247259.265571,"{'url': 'http://site-b.example.com/product', 'status': 200, 'html': '<html><body><span class=""price"">$44.49</span></body></html>', 'size': 59, 'elapsed_sec': 0.0}",,,,,,,
tool_end,extract_price,,,6c44a9f9-e529-481c-ab28-a1a952531848,b2eb67c8-42be-458f-b163-bba137d16ffc,1784247259.268276,,"{'matches_found': 1, 'price': 44.49, 'raw_matches': ['44.49']}",,,,,,
agent_action,compare_prices,"{""price_a"": 49.99, ""price_b"": 44.49}
","Action: compare_prices
Action Input: {""price_a"": 49.99, ""price_b"": 44.49}
",bb2a5e4c-71d6-43ad-93a0-b0440ce8becb,b2eb67c8-42be-458f-b163-bba137d16ffc,1784247262.9538848,,,,,,,,
tool_start,compare_prices,,,81ac78a6-c6f5-45b1-8027-d5a16e8bc381,b2eb67c8-42be-458f-b163-bba137d16ffc,1784247262.954962,"{""price_a"": 49.99, ""price_b"": 44.49}
",,,,,,,
tool_end,compare_prices,,,81ac78a6-c6f5-45b1-8027-d5a16e8bc381,b2eb67c8-42be-458f-b163-bba137d16ffc,1784247262.957692,,"{'cheaper_site': 'B', 'price_a': 49.99, 'price_b': 44.49, 'difference': 5.5}",,,,,,
agent_action,_Exception,Invalid or incomplete response,"Parsing LLM output produced both a final answer and a parse-able action:: Action: compare_prices 
Action Input: {""price_a"": 49.99, ""price_b"": 44.49}

Final Answer:

{'cheaper_site': 'B', 'price_a': 49.99, 'price_b': 44.49, 'difference': 5.5}
For troubleshooting, visit: https://python.langchain.com/docs/troubleshooting/errors/OUTPUT_PARSING_FAILURE ",e594ac67-35ed-451f-a05e-5371091d0e23,b2eb67c8-42be-458f-b163-bba137d16ffc,1784247269.440948,,,,,,,,
tool_start,_Exception,,,6d3aa00e-2563-459a-bce3-39de4f2313aa,b2eb67c8-42be-458f-b163-bba137d16ffc,1784247269.443381,Invalid or incomplete response,,,,,,,
tool_end,_Exception,,,6d3aa00e-2563-459a-bce3-39de4f2313aa,b2eb67c8-42be-458f-b163-bba137d16ffc,1784247269.4444318,,Invalid or incomplete response,,,,,,
agent_action,compare_prices,"{""price_a"": 49.99, ""price_b"": 44.49}
","Here is the corrected output:

Action: compare_prices
Action Input: {""price_a"": 49.99, ""price_b"": 44.49}
",62a3d6dc-774b-41bd-9982-1cfc27a5e0e0,b2eb67c8-42be-458f-b163-bba137d16ffc,1784247273.78152,,,,,,,,
tool_start,compare_prices,,,ed84506a-21ca-418a-86c1-333b6ab8d8f3,b2eb67c8-42be-458f-b163-bba137d16ffc,1784247273.782225,"{""price_a"": 49.99, ""price_b"": 44.49}
",,,,,,,
tool_end,compare_prices,,,ed84506a-21ca-418a-86c1-333b6ab8d8f3,b2eb67c8-42be-458f-b163-bba137d16ffc,1784247273.7833972,,"{'cheaper_site': 'B', 'price_a': 49.99, 'price_b': 44.49, 'difference': 5.5}",,,,,,
agent_action,fetch_html,http://site-a.example.com/product,"We need to fetch the HTML from both product pages, extract the prices from each HTML, and then compare those prices to determine which site is cheaper.

Action: fetch_html
Action Input: http://site-a.example.com/product",c184574b-86bc-486d-94a1-ef271fc91fd4,8ff049f7-79ec-44f8-9edd-7fa352ba7251,1784247323.090668,,,,,,,,
tool_start,fetch_html,,,96a44754-0eb0-481f-8b9f-a93e9fa846df,8ff049f7-79ec-44f8-9edd-7fa352ba7251,1784247323.093179,http://site-a.example.com/product,,tool_governance,fetch_html,8ff049f7-79ec-44f8-9edd-7fa352ba7251,1784247323.094646,sdk_error,"3 validation errors for ValidateResponse
validation
  Input should be a valid dictionary or instance of ValidationResult"
tool_end,fetch_html,,,96a44754-0eb0-481f-8b9f-a93e9fa846df,8ff049f7-79ec-44f8-9edd-7fa352ba7251,1784247323.132802,,"{'url': 'http://site-a.example.com/product', 'status': 200, 'html': '<html><body><span class=""price"">$49.99</span></body></html>', 'size': 59, 'elapsed_sec': 0.0}",tool_governance,fetch_html,8ff049f7-79ec-44f8-9edd-7fa352ba7251,1784247323.094646,sdk_error,"3 validation errors for ValidateResponse
validation
  Input should be a valid dictionary or instance of ValidationResult"
agent_action,extract_price,"<html><body><span class=""price"">$49.99</span></body></html>","Action: extract_price
Action Input: <html><body><span class=""price"">$49.99</span></body></html>",6039321b-2856-4844-9e2b-bf46b72a3bea,8ff049f7-79ec-44f8-9edd-7fa352ba7251,1784247326.9770691,,,,,,,,
tool_start,extract_price,,,0d32e987-8b8a-483d-a2ef-80268c8a70d2,8ff049f7-79ec-44f8-9edd-7fa352ba7251,1784247326.97843,"<html><body><span class=""price"">$49.99</span></body></html>",,tool_governance,extract_price,8ff049f7-79ec-44f8-9edd-7fa352ba7251,1784247326.980257,sdk_error,"3 validation errors for ValidateResponse
validation
  Input should be a valid dictionary or instance of ValidationResult"
tool_end,extract_price,,,0d32e987-8b8a-483d-a2ef-80268c8a70d2,8ff049f7-79ec-44f8-9edd-7fa352ba7251,1784247326.9857779,,"{'matches_found': 1, 'price': 49.99, 'raw_matches': ['49.99']}",tool_governance,extract_price,8ff049f7-79ec-44f8-9edd-7fa352ba7251,1784247326.980257,sdk_error,"3 validation errors for ValidateResponse
validation
  Input should be a valid dictionary or instance of ValidationResult"
agent_action,fetch_html,http://site-b.example.com/product,"Action: fetch_html
Action Input: http://site-b.example.com/product",0e78f0dc-382a-4080-8817-20e99e5c1335,8ff049f7-79ec-44f8-9edd-7fa352ba7251,1784247329.273674,,,,,,,,
tool_start,fetch_html,,,08e47be8-1a57-4b05-a0cb-e31953d86294,8ff049f7-79ec-44f8-9edd-7fa352ba7251,1784247329.2746508,http://site-b.example.com/product,,tool_governance,fetch_html,8ff049f7-79ec-44f8-9edd-7fa352ba7251,1784247329.276356,sdk_error,"3 validation errors for ValidateResponse
validation
  Input should be a valid dictionary or instance of ValidationResult"
tool_end,fetch_html,,,08e47be8-1a57-4b05-a0cb-e31953d86294,8ff049f7-79ec-44f8-9edd-7fa352ba7251,1784247329.282269,,"{'url': 'http://site-b.example.com/product', 'status': 200, 'html': '<html><body><span class=""price"">$44.49</span></body></html>', 'size': 59, 'elapsed_sec': 0.0}",tool_governance,fetch_html,8ff049f7-79ec-44f8-9edd-7fa352ba7251,1784247329.276356,sdk_error,"3 validation errors for ValidateResponse
validation
  Input should be a valid dictionary or instance of ValidationResult"
agent_action,extract_price,"<html><body><span class=""price"">$44.49</span></body></html>","Action: extract_price
Action Input: <html><body><span class=""price"">$44.49</span></body></html>",4d9462bf-8505-41cb-acff-7d27304e0e66,8ff049f7-79ec-44f8-9edd-7fa352ba7251,1784247332.876501,,,,,,,,
tool_start,extract_price,,,5cb7d34f-15b5-4788-a87e-6c24b3f47759,8ff049f7-79ec-44f8-9edd-7fa352ba7251,1784247332.8789172,"<html><body><span class=""price"">$44.49</span></body></html>",,tool_governance,extract_price,8ff049f7-79ec-44f8-9edd-7fa352ba7251,1784247332.880338,sdk_error,"3 validation errors for ValidateResponse
validation
  Input should be a valid dictionary or instance of ValidationResult"
tool_end,extract_price,,,5cb7d34f-15b5-4788-a87e-6c24b3f47759,8ff049f7-79ec-44f8-9edd-7fa352ba7251,1784247332.8848472,,"{'matches_found': 1, 'price': 44.49, 'raw_matches': ['44.49']}",tool_governance,extract_price,8ff049f7-79ec-44f8-9edd-7fa352ba7251,1784247332.880338,sdk_error,"3 validation errors for ValidateResponse
validation
  Input should be a valid dictionary or instance of ValidationResult"
agent_action,compare_prices,"{""price_a"": 49.99, ""price_b"": 44.49}
","Here is the continuation of your thought process:

Action: compare_prices
Action Input: {""price_a"": 49.99, ""price_b"": 44.49}
",9e971c1f-934f-4fe4-8789-334ab30fa8fc,8ff049f7-79ec-44f8-9edd-7fa352ba7251,1784247336.7736378,,,,,,,,
tool_start,compare_prices,,,47892918-82cf-40bd-a7cb-51b873b1f7aa,8ff049f7-79ec-44f8-9edd-7fa352ba7251,1784247336.774729,"{""price_a"": 49.99, ""price_b"": 44.49}
",,tool_governance,compare_prices,8ff049f7-79ec-44f8-9edd-7fa352ba7251,1784247336.776281,sdk_error,"3 validation errors for ValidateResponse
validation
  Input should be a valid dictionary or instance of ValidationResult"
tool_end,compare_prices,,,47892918-82cf-40bd-a7cb-51b873b1f7aa,8ff049f7-79ec-44f8-9edd-7fa352ba7251,1784247336.781377,,"{'cheaper_site': 'B', 'price_a': 49.99, 'price_b': 44.49, 'difference': 5.5}",tool_governance,compare_prices,8ff049f7-79ec-44f8-9edd-7fa352ba7251,1784247336.776281,sdk_error,"3 validation errors for ValidateResponse
validation
  Input should be a valid dictionary or instance of ValidationResult"
